#,الاسم,الدولة,أرقام الهاتف,إيميل,الرابط,مصدر البحث
1,ابواب امان تركي 2025 - احدث ابواب امان تركي 2025 في الاردن - الصاحب شاور التميمي,الاردن,"065523640, 0796867537, 0797527377, 202507968675",,https://www.halabazaar.com/ar/property/5fcbf5a05b2b6/ابواب-امان-تركي-2025-احدث-ا,وكيل ابواب تركية في الاردن
2,ابواب الأمان في الاردن - شركة الصاحب وشاور التميمي ابواب امان,الاردن,"065523640, 0796867537, 0797527377",,https://www.halabazaar.com/en/show/agentproperties/319,وكيل ابواب تركية في الاردن
3,Steel Door,افريقيا,"919700318318, 919953717914",,https://www.exportersindia.com/indian-suppliers/steel-door.htm,site:exportersindia.com steel door africa
4,Top Steel Door Manufacturers in Ghana,افريقيا,233244319079,,https://ensun.io/search/steel-door/ghana,steel door importer ghana nigeria kenya
5,MB-78EI,افريقيا,967064202,,https://aluprof.com/en/product/mb-78ei,fire door distributor senegal ivory coast
6,Fire Rated Doors in Haeju,افريقيا,917669305054,,https://toshiautomation.co/fire-rated-doors/haeju,fire door distributor senegal ivory coast
7,ابواب تركية - شركة مركز اسطنبول التجاري - ابواب تركية مصفحة 003 - باب خارجي - اب,ليبيا,"0967730527, 963967730527",,https://mnsooq.com/listings/LvGsZwWuHIHFBXnFrZrs/,شركة ابواب تركية ليبيا
8,YK Fire Door – Your Trusted Partner forFire Rated Door& Commercial Doorsin Libya,ليبيا,"18903711702, 8618903711702",,https://www.yunngd.com/our-service-areas/libya/,steel door importer libya
9,Fortis Doors,ليبيا,"19548746341, 19548746369","info@fortisdoorsusa.com, orders@fortisdoorsusa.com, quotes@fortisdoorsusa.com",https://www.fortisdoorsusa.com/,steel door importer libya
10,محلات بيع ابواب الامان في عمان الاردن,الاردن,"065514115, 065523558, 065539494, 0787799300, 0788888509, 0791808053, 0795364214, 0796866690, 0796867537, 0799505404",,https://www.halabazaar.com/news/محلات-بيع-ابواب-الامان-في-عمان-الاردن/,وكيل ابواب تركية في الاردن
11,Premium Iraq Style PVC Coated Thermoform Wooden Doors for Sale,العراق,4418290090,,https://m.made-in-china.com/product/Premium-Iraq-Style-PVC-Coated-Thermoform-Woo,steel door iraq importer
12,TURKISH STEEL SECURITY DOOR,عام,90554638638,,https://kontracompany.com/turkish-steel-security-door/,best steel door manufacturer istanbul
13,Top Wooden Steel & WPC Door Manufacturer in China - Global Supplier - Zonle Doo,عام,"174945853780344, 377727587, 8613557317112, 8618587696, 8618587696286",catherine@zonledoors.com,https://www.zonledoors.com/,best steel door manufacturer istanbul
14,أفضل ابواب مصفحة في مصر 2024 - اكتشف مواصفات وانواع الابواب المصفحة,عام,"2010010589, 2033922127",contact@akaratalhadba.com,https://akaratalhadba.com/أفضل-ابواب-مصفحة-في-مصر/,موردين ابواب مصفحة في تركيا
15,شركات بيع ابواب مصفحة,عام,"0225174847, 0226222639, 0226775495, 0227559944, 0236801398, 0237483802, 034253095, 0502256155",,https://yellowpages.com.eg/ar/keyword/باب-مصفح,موردين ابواب مصفحة في تركيا
16,ابواب مصفحة في اسكندرية mp3,عام,01285612233,,https://xn------nzeadcbkd3b2a0a0ay6qd3b2a4a1a8ch.bbp.style/,موردين ابواب مصفحة في تركيا
17,Security Doors Manufacturers in Turkey - Steel & Composite Solutions from Zonle ,عام,"377727587, 8613557317112, 8618587696, 8618587696286",catherine@zonledoors.com,https://www.zonledoors.com/security-doors-manufacturers-in-turkey-steel-composit,steel door turkey supplier whatsapp
18,Top 6 Security Door Manufacturers in Turkey,عام,"8618616637186, 90554638638","info@absdoor.com, info@ermetsan.com.tr, info@herkulcelikkapi.com.tr, info@kalekilit.com.tr, info@surcelikkapi.com, kelly@vallisco.com, kontradoor@gmail.com",https://vallisco.com/security-doors-manufacturers-in-turkey/,steel door turkey supplier whatsapp
19,doors suppliers,عام,010177029072,,https://www.alibaba.com/doors-suppliers.html,site:alibaba.com steel security door turkey
20,Turkey Steel Door,عام,"2024067534, 220241358, 33010002000366",,https://www.alibaba.com/supplier/turkey-steel-door.html,site:alibaba.com steel security door turkey
21,أبواب خارجية للبيع في المنصورة‏(0),مصر,"010035073, 010653953, 010911477, 010924025, 010940767, 011176635",,https://eg.opensooq.com/ar/المنصورة/المنزل-والحديقة/أبواب-خارجية,site:opensooq.com ابواب مصفحة مصر
22,Egyptian European For Metal Industries,مصر,"01017360491, 01152728924, 01223648852, 033855001, 033855002",,https://www.findinegypt.com/c/egyptian-european-for-metal-industries-146398,steel door importer egypt
23,Door Buyers,مصر,"2348137914588, 9820293151",,https://importer.ec21.com/door.html,steel door importer egypt
24,ابواب تركية   - الدار البيضاء - المغرب,المغرب,109076100,,https://ma.wseetk.com/109076/ابواب-تركية.html,شركة استيراد ابواب من تركيا المغرب
25,steel door turkey suppliers,عام,011015229090,,https://www.alibaba.com/steel-door-turkey-suppliers.html,steel door turkey supplier whatsapp
26,الاستيراد و التصدير في تركيا,عام,447488521825,info@inturkeyexport.com,https://inturkeyexport.com/,شركات تصدير ابواب تركية للعالم
27,Top Turkish Door Manufacturers Locations & Contacts,عام,902126705244,,https://turkpidya.com/best-door-manufacturers-in-turkey/,best steel door manufacturer istanbul
28,Morocco Market Steel Single Leaf Door Metal Security Entrance Door,المغرب,"101270000, 7800110259",,https://m.made-in-china.com/product/Morocco-Market-Steel-Single-Leaf-Door-Metal-,steel door importer morocco
29,الروماني للابواب المصفحة والاخشاب المصنعة,مصر,"012777352900127, 015561663050100, 201556166305",info@alromany.net,https://www.alromany.net/,ابواب مصفحة تركية مصر واتساب
30,Commercial Hollow Metal Fire Rated Doors,افريقيا,"3235300600, 3238922626, 8449992626",info@luxdoors.com,https://www.bing.com/aclick?ld=e8kpeW9EaHFaAEGynMP1HRZjVUCUxCtlyZ3C8cBmRl3g_-Kr0,steel door importer ghana nigeria kenya
31,Metal Door Manufacturer in South Africa,افريقيا,"919820628988, 919892171522",,https://www.mpswastikdoors.com/others/metal-door-manufacturer-in-south-africa/,armored door supplier south africa kenya
32,Blog Details,افريقيا,"861776803, 8801682648101",diana@seppes.com.cn,https://chinaseppes.com/blog/top-12-roller-shutter-door-suppliers-wholesalers-in,armored door supplier south africa kenya
33,Top 7 Fire Door Manufacturers in South Africa,افريقيا,"0118655330, 0210023333, 0310125033, 0607715599, 0870125286, 215111056, 254722792999, 254730792999, 8618616637186","info@crisisfiredoors.co.za, info@doorsdirect.co.za, info@dorwerx.co.za, info@flammatech.africa, info@swartland.co.za, karen@profiledoors.co.za, kelly@vallisco.com, sales@amdoor.co.za",https://vallisco.com/fire-doors-manufacturers-south-africa/,armored door supplier south africa kenya
34,مصنع الأبواب تركية   - بغداد - العراق,العراق,"127139185, 983132338908, 989128952535",,https://iq.wseetk.com/127139/مصنع-الأبواب-تركية.html,موزع ابواب مصفحة في بغداد
35,Latest RFQs:Global Steel Door Importers and Buyers,ليبيا,"12143067737, 1299499034881",,https://www.exporthub.com/importers/steel-door/,steel door importer libya
36,Solid Wooden Door Importers,ليبيا,"201223341595, 923334488822","eg.sample@xyz.com, madi1962@gmail.com",https://importer.tradekey.com/solid-wooden-door-importer.html,steel door importer libya
37,Polystyrene Foam,الاردن,962795535867,"daoud@jadadoors.com, michael@jadadoors.com, sales@jadadoors.com",https://www.jadacompany.com/,steel door importer jordan
38,ابواب تركية خارجية – مركز اسطنبول التجاري – ابواب مصفحة صناعة تركية,العراق,0502000040390,,https://doushesh.com/listing/aboab-trky-khargy-mrkz-astnbol-altgary-aboab-msfh-s,ابواب مصفحة تركية للعراق واتس
39,ابواب تركية داخلية - مركز اسطنبول التجاري - باب تركي داخلي,العراق,0967730527,,https://www.alanaat.com/products/ابواب-تركية-داخلية-مركز-اسطنبول-التجاري-باب-ترك,ابواب مصفحة تركية للعراق واتس
40,ابواب تركية - مركز اسطنبول التجاري - باب تركي داخلي,ليبيا,0502000040419,,https://doushesh.com/listing/aboab-trky-mrkz-astnbol-altgary-bab-trky-dakhly-823,شركة ابواب تركية ليبيا
41,باب مصفح تركي - Al Masrya doors,ليبيا,"01044095640, 010440956400104",,https://almasrya-doors.com/?product=turkish-armored-door8,باب مصفح تركي للبيع في ليبيا
42,turkish armored doors - ابواب مصفحة تركي (13) - الروماني للابواب المصفحة والاخشا,ليبيا,201556166305,info@alromany.net,https://www.alromany.net/products/turkish-armored-doors/turkish-armored-doors-اب,ابواب مصفحة تركية ليبيا واتساب
43,Steel Door,مصر,"8613849388672, 8615173313189, 8618050996636, 8618650901698",,https://en.algomtl.com/steel-door-1053045.html,steel door importer egypt
44,Security Door - Malaysia No.1 Home Safety Door Supplier,افريقيا,0183813078,,https://security-door.net/,safety door supplier west africa
45,africa steel door suppliers,افريقيا,011010252160,,https://www.alibaba.com/africa-steel-door-suppliers.html,site:alibaba.com steel door africa importer
46,Armored Door,افريقيا,1353298668,,https://rusthelp.com/items/armored-door,armored door supplier south africa kenya
47,Medico Steel Door - Medico Factory is the first factory in Egypt to manufacture ,عام,"01094758888, 201005431710, 201010777095, 201094758888","info@medicosteeldoor.com, rawan.abdelrazek231@gmail.com, sales@medicosteeldoor.com",https://medicosteeldoor.com/ar/,موردين ابواب مصفحة في تركيا
48,Steel Security Doors Kenya - Reinforced Entry Doors for Homes & Offices,افريقيا,"254722758171, 254728749644","acesec@africaonline.co.ke, info@easol.home.co.ke",https://www.securedsafely.com/steelsecuritydoors,armored door supplier south africa kenya
49,Steel Doors Kenya,افريقيا,07167048360722,info@sevenstarsdoors.co.ke,https://sevenstarsdoors.co.ke/,armored door supplier south africa kenya
50,Best Steel Security Doors in Kenya 2025,افريقيا,2540701410647,,https://dooritdoorsplus.co.ke/top-steel-security-doors-in-kenya-enhance-your-hom,armored door supplier south africa kenya
51,Stainless Steel Door DealersSuppliers & Exporters,افريقيا,"85225813444, 85225813588",,https://www.sheravbm.com/doors/stainless-steel-door/,steel door importer ghana nigeria kenya
52,DISTRIBUTOR - Fire Doors Manufacturers in Bangalore I Fire Door Manufacturers in,افريقيا,"919113087715, 919900245206, 9900245206",pavan@sigmadpl.com,https://sigmadpl.com/distributor/,fire door distributor senegal ivory coast
53,Fire Door - China Door Industry Manufacturers-Dongguan Xinyi Door,افريقيا,"100763267865216, 8618925586467",fan@xinyidoorindustry.com,https://xinyidoorindustry.com/products/fire-door/,fire door distributor senegal ivory coast
54,High Quality Doors for Your Home,افريقيا,0208867460,info@sidomdoors.com,https://sidomdoors.com/?srsltid=AfmBOorzQj5jXYjFt0O-JgBiuNIIlHbjjWIKJH2eXHH-l8XI,fire door distributor senegal ivory coast
55,Apartment Steel Door Export to Iraq Door,العراق,"129552008, 7308300000",,https://haojundoor.en.made-in-china.com/product/TsFQevodStkK/China-Apartment-Ste,steel door iraq importer
56,Open a Store,العراق,905053351891,info@steeldoorwholesaler.com.tr,https://www.steeldoorwholesaler.com.tr/magaza-ac,steel door iraq importer
57,Quality Steel Doors,الاردن,"0284063206, 0484063206",,https://qualitysteeldoors.net/?srsltid=AfmBOooHYUokeM03CGV4EMrMhlELWTCI42-KF2JWV,steel door importer jordan
58,turkey solid wooden doors and steel doors for sales,عام,"07033550442, 08108060242, 08169663795",,https://needshub.com/product/turkey-solid-wooden-doors-and-steel-doors-sales,steel door factory turkey contact
59,Steel Door,عام,8618657198515,silver@simtogroup.com,https://www.simtodoor.com/products/steel-door/,wholesale steel door turkey exporter
60,ابواب تركية - مركز اسطنبول التجاري - باب تركي خارجي - ابواب مصفحة,عام,0502000040411,,https://doushesh.com/listing/aboab-trky-mrkz-astnbol-altgary-bab-trky-khargy-abo,موردين ابواب مصفحة في تركيا
61,أفضل أنواع الأبواب المصفحة ومقاساتها وأسعارها ومميزاتها,ليبيا,"01014741410, 201008202789",info@aldiyaralasrea.com,https://aldiyaralasrea.com/blog/types-of-armored-doors/,اسعار الابواب المصفحة في ليبيا
62,أبواب وإكسسوارات أبواب للبيع في مصر‏(40),مصر,"010000000, 010021911, 010035073, 010056990, 010107248, 010276743, 010283573, 010291214, 010501213, 010653953, 010924025, 010940767, 011031264, 011128759, 011129285, 011133800, 011192419, 011245058, 011421594, 011461490, 011557141, 012037704, 012244660, 012800488, 015500129",,https://eg.opensooq.com/ar/المنزل-والحديقة/أبواب-وإكسسوارات-الأبواب,site:opensooq.com ابواب مصفحة مصر
63,ابواب مصفحة ايطالي في مصر mp3,مصر,٠١٠٢٣٥٣٨٣٨٨,,https://xn-------z5facaebm1c6c6bh2a9nh9clm3c2cdc.bbp.style/,ابواب مصفحة تركية مصر واتساب
64,محلات الابواب في الرياض 2026,مصر,0551765717,,https://hatim.com.sa/محلات-الابواب-في-الرياض-2026/,معارض بيع الابواب في مصر
65,Class A 60 Minute Fire Doors,افريقيا,"0870125286, 0870125286087",,https://www.doorsdirect.co.za/class-a-fire-doors,fire door distributor senegal ivory coast
66,Steel Door Companies,عام,"12242850555, 14175016477, 18885778335, 44016423371, 448000607078, 82316847282, 86031132872332, 86031705462505, 86057154722169, 86075763301632, 86079117307001, 8613202373938, 8613631930230, 8615976296085, 8618587696286, 8885346086, 905414070222, 91961990227, 91981013024, 924230144162",,https://www.ec21.com/companies/steel-door.html,best steel door manufacturer istanbul
67,أكبر معارض ابواب غرف نوم في مصر 2026,مصر,01020404918,,https://doors-eg.com/bedroom-door-galleries/,معارض بيع الابواب في مصر
68,ابواب مصفحة كل ما تريد معرفتة عن الابواب المصفحة,مصر,"01122570201, 201044545111, 966594697944",info@htcsafety.com,https://htcsafety.com/الابواب-المصفحة/,ابواب شقة مصفحة وكلاء مصر
69,Security Door - Malaysia No.1 Home Safety Door Supplier,افريقيا,0192388208,,https://safety-door.com/,safety door supplier west africa
70,"Security

Door",افريقيا,"0824554284, 27824554284",,https://hptdoor.co.za/,safety door supplier west africa
71,ithalatihracat.biz,افريقيا,"030510000000, 041000000019, 080222000000, 0803901000, 080620300000, 081340950019, 120400900000, 230120000011, 292121000012, 3010401026846, 381700500000, 3901101000, 440290000000, 520942009200, 560311900000, 7308200010, 740721100, 843810100000, 843890009019, 853532100, 901890100011, 961900891000","a.benech@norevo.de, aapkirai@ebm.com.pk, anwoodhams@btconnect.com, custormerservice@onestigroup.com, elit-produkt2011@mail.ru, fayaz@cyber.net.pk, giuc74@hotmail.com, info@aquaclub.com.tr, info@ithalatihracat.biz, infohrnl@synventive.com, kozu_baglan@mail.ru, marmolescovarrubias133@hotmail.com, mehamohammed2017@gmail.com, rodia@rodia-com.gr, sicab@chello.se, sinatexnics@mega.kg, sukuvb@hotmail.com, united.printers@ethionet.et, ventasfusari@gmail.com, zrnozit@t-com.me",https://www.ithalatihracat.biz/?Syf=39&search=importers,metal door importer tanzania ethiopia
72,باب مصفح تركي 11 سم كود SH12 – بار داخلي يمين/شمال,ليبيا,01050585855,,https://www.shabanastores.com/shop/الأبواب/ابواب-مصفحه/باب-مصفح-تركي-11-سم-كود-s,باب مصفح تركي للبيع في ليبيا
73,Seller muhsinkirbas,ليبيا,905372632885,,https://en.algomtl.com/muhsinkirbas,steel door importer libya
74,Fire Doors Importers,ليبيا,858886866,eg.sample@xyz.com,https://importer.tradekey.com/fire-doors-importer.html,steel door importer libya
75,Verified Turkish Exporter Lists,عام,27112025170,,https://ihracat.com.tr/verified-turkish-exporter-lists/,wholesale steel door turkey exporter
76,توريد ابواب الامان 2025/2024 في الاردن للاستفسار 0796867537,الاردن,"065523640, 0796867537, 07968675370796, 0797527377",,https://www.halabazaar.com/en/property/64ef0133444e6/توريد-ابواب-الامان-2024/202,وكيل ابواب تركية في الاردن
77,Zhejiang Kefei Industry&trade Co.Ltd,افريقيا,"919700318318, 919953717914, 960120016001800, 960900860",,https://www.exportersindia.com/cn/zhejiang-kefei-industry-trade/metal-door.htm,site:exportersindia.com steel door africa
78,Free Search List of Importers & Buyers Globally,افريقيا,"565837476, 919667735607",,https://www.seair.co.in/doors-importers,metal door importer tanzania ethiopia
79,ابواب PVC,مصر,01012610480,,https://tibawood.com/product-category/pvc-doors-products/,ابواب شقة مصفحة وكلاء مصر
80,ابواب مصفحة ابواب داخلية,عام,"01110289808, 103110086853247",,https://abwaboctober.blogspot.com/2016/10/,مصنع ابواب مصفحة في تركيا واتساب
81,Dekorist Interior Room Doors And Steel Door Factory,عام,"12092272270, 18886529307","contactus@tradekey.com, eg.sample@xyz.com",https://www.tradekey.com/company/Dekorist-Interior-room-doors-and-Steel-door-Fac,steel door factory turkey contact
82,Morocco Doors Buyers and Importers List!,المغرب,198011186,,https://www.tradewheel.com/buyers/doors/morocco/,steel door importer morocco
83,باب تركي - شركة مركز اسطنبول التجاري - باب مصفح - ابواب خارجية,العراق,0502000040394,,https://doushesh.com/listing/bab-trky-shrk-mrkz-astnbol-altgary-bab-msfh-aboab-k,ابواب مصفحة تركية للعراق واتس
84,ابواب,العراق,01500009119,info@decorestore-eg.com,https://decorestore-eg.com/product-category/ابواب/page/3/,موزع ابواب مصفحة في بغداد
85,ابواب تركية - ريف دمشق - باب تركي داخلي - مركز اسطنبول التجاري,العراق,0502000040433,,https://doushesh.com/listing/aboab-trky-ryf-dmshk-bab-trky-dakhly-mrkz-astnbol-a,شركة ابواب تركية العراق
86,Coventry 4-Panel Smooth Fire Door (FD30),افريقيا,08006335050,,https://www.todd-doors.co.uk/4-panel-smooth-fire-door-fd30,fire door distributor senegal ivory coast
87,Textile: Interior Door Collection,افريقيا,02761400049,,https://www.bertolotto.net/wood-effect/textile-interior-door-collection,metal door dealer ghana nigeria cameroon
88,تركيب ابواب حديد في عجمان : الأمان والجودة بتصاميم مميزة,مصر,"0506691641, 201114323865",,https://shaimaapalace.com/تركيب-ابواب-حديد-في-عجمان/,تجار ابواب حديدية في مصر
89,Egypt For Metal Processing Technology - Empt,مصر,"01090011783, 0235390676, 0235391070, 0235391516, 0235391517",,https://www.findinegypt.com/c/egypt-for-metal-processing-technology-empt-146383,steel door importer egypt
90,ابواب الأمان في الاردن - شركة الصاحب وشاور التميمي ابواب امان,الاردن,"065523640, 0796867537, 0797527377, 30796867537",,https://www.halabazaar.com/ar/show/agentproperties/319/48,باب امان تركي الاردن معارض
91,ابواب مصفحة تركية,الاردن,"01017902000, 905366700804",,https://www.aielanat.com/ابواب-مصفحة-تركية/,ابواب مصفحة تركية الاردن واتس
92,Premium Steel Door,العراق,"91623801188, 91859060262, 91907270444, 919538212136",,https://www.petradoor.com/premium-steel-door-in-india/,steel door iraq importer
