name,country,query,url,phones,emails
ابواب امان تركي 2025 - احدث ابواب امان تركي 2025 في الاردن - الصاحب شاور التميمي,الاردن,وكيل ابواب تركية في الاردن,https://www.halabazaar.com/ar/property/5fcbf5a05b2b6/ابواب-امان-تركي-2025-احدث-ابواب-امان-تركي-2025-في-الاردن-الصاحب-شاور-التميمي-ابواب-امان-2025-,"065523640, 0796867537, 0797527377, 202507968675",
ابواب الأمان في الاردن - شركة الصاحب وشاور التميمي ابواب امان,الاردن,وكيل ابواب تركية في الاردن,https://www.halabazaar.com/en/show/agentproperties/319,"065523640, 0796867537, 0797527377",
Steel Door,افريقيا,site:exportersindia.com steel door africa,https://www.exportersindia.com/indian-suppliers/steel-door.htm,"919700318318, 919953717914",
Iron Doors,افريقيا,site:exportersindia.com steel door africa,https://www.exportersindia.com/indian-suppliers/iron-doors.htm,"919700318318, 919953717914",
Top Steel Door Manufacturers in Ghana,افريقيا,steel door importer ghana nigeria kenya,https://ensun.io/search/steel-door/ghana,233244319079,
MB-78EI,افريقيا,fire door distributor senegal ivory coast,https://aluprof.com/en/product/mb-78ei,967064202,
Fire Rated Doors in Haeju,افريقيا,fire door distributor senegal ivory coast,https://toshiautomation.co/fire-rated-doors/haeju,917669305054,
ابواب تركية - شركة مركز اسطنبول التجاري - ابواب تركية مصفحة 003 - باب خارجي - اب,ليبيا,شركة ابواب تركية ليبيا,https://mnsooq.com/listings/LvGsZwWuHIHFBXnFrZrs/,"0967730527, 963967730527",
YK Fire Door – Your Trusted Partner forFire Rated Door& Commercial Doorsin Libya,ليبيا,steel door importer libya,https://www.yunngd.com/our-service-areas/libya/,"18903711702, 8618903711702",
Fortis Doors,ليبيا,steel door importer libya,https://www.fortisdoorsusa.com/,"19548746341, 19548746369","info@fortisdoorsusa.com, orders@fortisdoorsusa.com, quotes@fortisdoorsusa.com"
ابواب الامان 2025 التركية - احدث ابواب الامان التركية 2025 في الاردن - الصاحب شا,الاردن,وكيل ابواب تركية في الاردن,https://www.halabazaar.com/en/property/5fcbf5a05b2b6/ابواب-امان-تركي-2024-احدث-ابواب-امان-تركي-2024-في-الاردن-الصاحب-شاور-التميمي-ابواب-امان-2024-,"065523640, 0796867537, 0797527377, 202507968675",
محلات بيع ابواب الامان في عمان الاردن,الاردن,وكيل ابواب تركية في الاردن,https://www.halabazaar.com/news/محلات-بيع-ابواب-الامان-في-عمان-الاردن/,"065514115, 065523558, 065539494, 0787799300, 0788888509, 0791808053, 0795364214, 0796866690, 0796867537, 0799505404",
ابواب الامان 2025 التركية - احدث ابواب الامان التركية 2025 في الاردن - الصاحب شا,الاردن,باب امان تركي الاردن معارض,https://www.halabazaar.com/en/property/5fcbf5a05b2b6/ابواب-امان-تركي-2025-احدث-ابواب-امان-تركي-2025-في-الاردن-الصاحب-شاور-التميمي-ابواب-امان-2025-,"065523640, 0796867537, 0797527377, 202507968675",
Premium Iraq Style PVC Coated Thermoform Wooden Doors for Sale,العراق,steel door iraq importer,https://m.made-in-china.com/product/Premium-Iraq-Style-PVC-Coated-Thermoform-Wooden-Doors-for-Sale-909120785.html,4418290090,
TURKISH STEEL SECURITY DOOR,عام,best steel door manufacturer istanbul,https://kontracompany.com/turkish-steel-security-door/,90554638638,
Top Wooden Steel & WPC Door Manufacturer in China - Global Supplier - Zonle Doo,عام,best steel door manufacturer istanbul,https://www.zonledoors.com/,"174945853780344, 377727587, 8613557317112, 8618587696, 8618587696286",catherine@zonledoors.com
أفضل ابواب مصفحة في مصر 2024 - اكتشف مواصفات وانواع الابواب المصفحة,عام,موردين ابواب مصفحة في تركيا,https://akaratalhadba.com/أفضل-ابواب-مصفحة-في-مصر/,"2010010589, 2033922127",contact@akaratalhadba.com
شركات بيع ابواب مصفحة,عام,موردين ابواب مصفحة في تركيا,https://yellowpages.com.eg/ar/keyword/باب-مصفح,"0225174847, 0226222639, 0226775495, 0227559944, 0236801398, 0237483802, 034253095, 0502256155",
ابواب مصفحة في اسكندرية mp3,عام,موردين ابواب مصفحة في تركيا,https://xn------nzeadcbkd3b2a0a0ay6qd3b2a4a1a8ch.bbp.style/,01285612233,
Security Doors Manufacturers in Turkey - Steel & Composite Solutions from Zonle ,عام,steel door turkey supplier whatsapp,https://www.zonledoors.com/security-doors-manufacturers-in-turkey-steel-composite-solutions-from-zonle-doors.html,"377727587, 8613557317112, 8618587696, 8618587696286",catherine@zonledoors.com
Premium Class Products,عام,steel door turkey supplier whatsapp,https://kontradoor.com/,90554638638,
Top 6 Security Door Manufacturers in Turkey,عام,steel door turkey supplier whatsapp,https://vallisco.com/security-doors-manufacturers-in-turkey/,"8618616637186, 90554638638","info@absdoor.com, info@ermetsan.com.tr, info@herkulcelikkapi.com.tr, info@kalekilit.com.tr, info@surcelikkapi.com, kelly@vallisco.com, kontradoor@gmail.com"
doors suppliers,عام,site:alibaba.com steel security door turkey,https://www.alibaba.com/doors-suppliers.html,010177029072,
Turkey Steel Door,عام,site:alibaba.com steel security door turkey,https://www.alibaba.com/supplier/turkey-steel-door.html,"2024067534, 220241358, 33010002000366",
أبواب خارجية للبيع في المنصورة‏(0),مصر,site:opensooq.com ابواب مصفحة مصر,https://eg.opensooq.com/ar/المنصورة/المنزل-والحديقة/أبواب-خارجية,"010035073, 010653953, 010911477, 010924025, 010940767, 011176635",
Egyptian European For Metal Industries,مصر,steel door importer egypt,https://www.findinegypt.com/c/egyptian-european-for-metal-industries-146398,"01017360491, 01152728924, 01223648852, 033855001, 033855002",
Door Buyers,مصر,steel door importer egypt,https://importer.ec21.com/door.html,"2348137914588, 9820293151",
ابواب تركية   - الدار البيضاء - المغرب,المغرب,شركة استيراد ابواب من تركيا المغرب,https://ma.wseetk.com/109076/ابواب-تركية.html,109076100,
steel door turkey suppliers,عام,steel door turkey supplier whatsapp,https://www.alibaba.com/steel-door-turkey-suppliers.html,011015229090,
الاستيراد و التصدير في تركيا,عام,شركات تصدير ابواب تركية للعالم,https://inturkeyexport.com/,447488521825,info@inturkeyexport.com
Top Turkish Door Manufacturers Locations & Contacts,عام,best steel door manufacturer istanbul,https://turkpidya.com/best-door-manufacturers-in-turkey/,902126705244,
Morocco Market Steel Single Leaf Door Metal Security Entrance Door,المغرب,steel door importer morocco,https://m.made-in-china.com/product/Morocco-Market-Steel-Single-Leaf-Door-Metal-Security-Entrance-Door-2024962475.html,"101270000, 7800110259",
ابواب فولاذية مصفحة (كلاسيكي),مصر,مستورد ابواب مصفحة من تركيا القاهرة,https://inturkeyexport.com/steel-doors-classic/,447488521825,info@inturkeyexport.com
الروماني للابواب المصفحة والاخشاب المصنعة,مصر,ابواب مصفحة تركية مصر واتساب,https://www.alromany.net/,"012777352900127, 015561663050100, 201556166305",info@alromany.net
Commercial Hollow Metal Fire Rated Doors,افريقيا,steel door importer ghana nigeria kenya,https://www.bing.com/aclick?ld=e8kpeW9EaHFaAEGynMP1HRZjVUCUxCtlyZ3C8cBmRl3g_-Kr0E0bg4xfk9cxVpZIADgxEauWefdvgAM2ZA5eztapIkDgJdVACFX2HlPiZCKHeHV1tkqiXMXFDFqDnWM85C3f_I4WH3v2LpgLeBvwIYwEwqQPVtRLrVfjiUFzr2JRpxnNhsGrjAvA-t18a_eTxBWOP0BVxTz3xcf0H3WM4dA7uMr,"3235300600, 3238922626, 8449992626",info@luxdoors.com
Steel Door Manufacturers in Gauteng: China-Based Suppliers Exporting to South Af,افريقيا,armored door supplier south africa kenya,https://www.zonledoors.com/steel-door-manufacturers-in-gauteng-china-based-suppliers-exporting-to-south-africa.html,"377727587, 8613557317112, 8618587696, 8618587696286",catherine@zonledoors.com
Metal Door Manufacturer in South Africa,افريقيا,armored door supplier south africa kenya,https://www.mpswastikdoors.com/others/metal-door-manufacturer-in-south-africa/,"919820628988, 919892171522",
Blog Details,افريقيا,armored door supplier south africa kenya,https://chinaseppes.com/blog/top-12-roller-shutter-door-suppliers-wholesalers-in-south-africa/,"861776803, 8801682648101",diana@seppes.com.cn
Top 7 Fire Door Manufacturers in South Africa,افريقيا,armored door supplier south africa kenya,https://vallisco.com/fire-doors-manufacturers-south-africa/,"0118655330, 0210023333, 0310125033, 0607715599, 0870125286, 215111056, 254722792999, 254730792999, 8618616637186","info@crisisfiredoors.co.za, info@doorsdirect.co.za, info@dorwerx.co.za, info@flammatech.africa, info@swartland.co.za, karen@profiledoors.co.za, kelly@vallisco.com, sales@amdoor.co.za"
مصنع الأبواب تركية   - بغداد - العراق,العراق,موزع ابواب مصفحة في بغداد,https://iq.wseetk.com/127139/مصنع-الأبواب-تركية.html,"127139185, 983132338908, 989128952535",
Latest RFQs:Global Steel Door Importers and Buyers,ليبيا,steel door importer libya,https://www.exporthub.com/importers/steel-door/,"12143067737, 1299499034881",
Solid Wooden Door Importers,ليبيا,steel door importer libya,https://importer.tradekey.com/solid-wooden-door-importer.html,"201223341595, 923334488822","eg.sample@xyz.com, madi1962@gmail.com"
Commercial Hollow Metal Fire Rated Doors,الاردن,steel door importer jordan,https://www.bing.com/aclick?ld=e8AttpqCgC0jerozuebaWeHTVUCUwlW1C48dvVtoXrLL5fwZPYi_EmCH-5Qiv0k-tPRtSPL73eADq09VK78E0vsjI4f2W7lSbAp_pd9Sg95DBgjtq9urBpHGfl-Q1uNq4TsOf5xKgu3hx7LHyc7eg0I_zKKSGrJNZV9yojrTdN86r8vi4AhqhqScnycua0kB4ZjwpNs9FKMDoK3b37li5s8rcNv,"3235300600, 3238922626, 8449992626",info@luxdoors.com
Polystyrene Foam,الاردن,steel door importer jordan,https://www.jadacompany.com/,962795535867,"daoud@jadadoors.com, michael@jadadoors.com, sales@jadadoors.com"
ابواب تركية خارجية – مركز اسطنبول التجاري – ابواب مصفحة صناعة تركية,العراق,ابواب مصفحة تركية للعراق واتس,https://doushesh.com/listing/aboab-trky-khargy-mrkz-astnbol-altgary-aboab-msfh-snaaa-trky-80144,0502000040390,
ابواب تركية داخلية - مركز اسطنبول التجاري - باب تركي داخلي,العراق,ابواب مصفحة تركية للعراق واتس,https://www.alanaat.com/products/ابواب-تركية-داخلية-مركز-اسطنبول-التجاري-باب-تركي-داخلي_2319,0967730527,
ابواب تركية - مركز اسطنبول التجاري - باب تركي داخلي,ليبيا,شركة ابواب تركية ليبيا,https://doushesh.com/listing/aboab-trky-mrkz-astnbol-altgary-bab-trky-dakhly-82342,0502000040419,
باب مصفح تركي بارز طبيعي,ليبيا,باب مصفح تركي للبيع في ليبيا,https://akaratalhadba.com/product/باب-مصفح-تركي-بارز-طبيعي/,"2010010589, 2033922127",contact@akaratalhadba.com
باب مصفح تركي - Al Masrya doors,ليبيا,باب مصفح تركي للبيع في ليبيا,https://almasrya-doors.com/?product=turkish-armored-door8,"01044095640, 010440956400104",
turkish armored doors - ابواب مصفحة تركي (13) - الروماني للابواب المصفحة والاخشا,ليبيا,ابواب مصفحة تركية ليبيا واتساب,https://www.alromany.net/products/turkish-armored-doors/turkish-armored-doors-ابواب-مصفحة-تركي-13/,201556166305,info@alromany.net
Steel Door,مصر,steel door importer egypt,https://en.algomtl.com/steel-door-1053045.html,"8613849388672, 8615173313189, 8618050996636, 8618650901698",
Fire Rated Doors in UAE,افريقيا,site:exportersindia.com steel door africa,https://www.exportersindia.com/ae/fire-rated-doors.htm,"919700318318, 919953717914",
AL AHDSharjah United Arab Emirates,افريقيا,site:exportersindia.com steel door africa,https://www.exportersindia.com/ae/al-ahd/,"919700318318, 919953717914",
Agew Steel Manufacturers Pvt. LtdCG Road Ahmedabad Gujarat,افريقيا,site:exportersindia.com steel door africa,https://www.exportersindia.com/agew-steel/,"919700318318, 919953717914",
Metal Craft Industries LlcDubai United Arab Emirates,افريقيا,site:exportersindia.com steel door africa,https://www.exportersindia.com/ae/metal-craft-industries-llc/,"919700318318, 919953717914",
AdviktechPerumbavoor Ernakulam Kerala,افريقيا,site:exportersindia.com steel door africa,https://www.exportersindia.com/adviktech/,"919700318318, 919953717914",
Security Door - Malaysia No.1 Home Safety Door Supplier,افريقيا,safety door supplier west africa,https://security-door.net/,0183813078,
Commercial Hollow Metal Fire Rated Doors,افريقيا,site:alibaba.com steel door africa importer,https://www.bing.com/aclick?ld=e838Od-6GpOB1IhnnMtuxmjTVUCUyeRFgVrC0ey8vxMRXB7IkZg1qO-Nc2bUAkRQEEISO1ce1NXzYHJQAMXT49kuyMAP6BUnAg8iAQNY4kDcM9RZ2wJeZOQA1wTguVNBj_0HKK3CLkBMGjrVVw9XrRT9DJJZ3AZniHngY97JvHsuOEB1YoqktBHDX-MJVBWWC6kwEEhbTfZ3EhHhBJNdckm_FcN,"3235300600, 3238922626, 8449992626",info@luxdoors.com
africa steel door suppliers,افريقيا,site:alibaba.com steel door africa importer,https://www.alibaba.com/africa-steel-door-suppliers.html,011010252160,
Africa Steel Door,افريقيا,site:alibaba.com steel door africa importer,https://www.alibaba.com/supplier/africa-steel-door.html,"2024067534, 220241358, 33010002000366",
Armored Door,افريقيا,armored door supplier south africa kenya,https://rusthelp.com/items/armored-door,1353298668,
Medico Steel Door - Medico Factory is the first factory in Egypt to manufacture ,عام,موردين ابواب مصفحة في تركيا,https://medicosteeldoor.com/ar/,"01094758888, 201005431710, 201010777095, 201094758888","info@medicosteeldoor.com, rawan.abdelrazek231@gmail.com, sales@medicosteeldoor.com"
Steel Security Doors Kenya - Reinforced Entry Doors for Homes & Offices,افريقيا,armored door supplier south africa kenya,https://www.securedsafely.com/steelsecuritydoors,"254722758171, 254728749644","acesec@africaonline.co.ke, info@easol.home.co.ke"
Steel Doors Kenya,افريقيا,armored door supplier south africa kenya,https://sevenstarsdoors.co.ke/,07167048360722,info@sevenstarsdoors.co.ke
Best Steel Security Doors in Kenya 2025,افريقيا,armored door supplier south africa kenya,https://dooritdoorsplus.co.ke/top-steel-security-doors-in-kenya-enhance-your-homes-safety-and-style-in-2025/,2540701410647,
Stainless Steel Door DealersSuppliers & Exporters,افريقيا,steel door importer ghana nigeria kenya,https://www.sheravbm.com/doors/stainless-steel-door/,"85225813444, 85225813588",
DISTRIBUTOR - Fire Doors Manufacturers in Bangalore I Fire Door Manufacturers in,افريقيا,fire door distributor senegal ivory coast,https://sigmadpl.com/distributor/,"919113087715, 919900245206, 9900245206",pavan@sigmadpl.com
Fire-rated systems,افريقيا,fire door distributor senegal ivory coast,https://aluprof.com/en/offer/fire-rated-systems,967064202,
Fire Door - China Door Industry Manufacturers-Dongguan Xinyi Door,افريقيا,fire door distributor senegal ivory coast,https://xinyidoorindustry.com/products/fire-door/,"100763267865216, 8618925586467",fan@xinyidoorindustry.com
High Quality Doors for Your Home,افريقيا,fire door distributor senegal ivory coast,https://sidomdoors.com/?srsltid=AfmBOorzQj5jXYjFt0O-JgBiuNIIlHbjjWIKJH2eXHH-l8XIQ7to_9ke,0208867460,info@sidomdoors.com
Apartment Steel Door Export to Iraq Door,العراق,steel door iraq importer,https://haojundoor.en.made-in-china.com/product/TsFQevodStkK/China-Apartment-Steel-Door-Export-to-Iraq-Door.html,"129552008, 7308300000",
Open a Store,العراق,steel door iraq importer,https://www.steeldoorwholesaler.com.tr/magaza-ac,905053351891,info@steeldoorwholesaler.com.tr
Quality Steel Doors,الاردن,steel door importer jordan,https://qualitysteeldoors.net/?srsltid=AfmBOooHYUokeM03CGV4EMrMhlELWTCI42-KF2JWVJrJ_DWKUgl-rw0e,"0284063206, 0484063206",
باب امان تركي - الصاحب وشاور التميمي لابواب الامان التركية في الاردن,الاردن,باب امان تركي الاردن معارض,https://www.halabazaar.com/ar...-AlOmariCompanyشركةالعمري/property/58a17007949a4/باب-امان-تركي-الصاحب-وشاور-التميمي-لابواب-الامان-التركية-في-الاردن,"065523640, 0796867537, 0797527377",
ابواب الأمان في الاردن - شركة الصاحب وشاور التميمي ابواب امان,الاردن,باب امان تركي الاردن معارض,https://www.halabazaar.com/ar/show/agentproperties/319/24,"065523640, 0796867537, 0797527377",
turkey solid wooden doors and steel doors for sales,عام,steel door factory turkey contact,https://needshub.com/product/turkey-solid-wooden-doors-and-steel-doors-sales,"07033550442, 08108060242, 08169663795",
Steel Door,عام,wholesale steel door turkey exporter,https://www.simtodoor.com/products/steel-door/,8618657198515,silver@simtogroup.com
ابواب تركية - مركز اسطنبول التجاري - باب تركي خارجي - ابواب مصفحة,عام,موردين ابواب مصفحة في تركيا,https://doushesh.com/listing/aboab-trky-mrkz-astnbol-altgary-bab-trky-khargy-aboab-msfh-81918,0502000040411,
turkish armored doors - ابواب مصفحة تركي (11) - الروماني للابواب المصفحة والاخشا,ليبيا,ابواب مصفحة تركية ليبيا واتساب,https://www.alromany.net/products/turkish-armored-doors/turkish-armored-doors-ابواب-مصفحة-تركي-11/,201556166305,info@alromany.net
ابواب تركية - مركز اسطنبول التجاري - باب تركي داخلي,ليبيا,ابواب مصفحة تركية ليبيا واتساب,https://www.alanaat.com/products/ابواب-تركية-مركز-اسطنبول-التجاري-باب-تركي-داخلي_2270,0967730527,
أفضل أنواع الأبواب المصفحة ومقاساتها وأسعارها ومميزاتها,ليبيا,اسعار الابواب المصفحة في ليبيا,https://aldiyaralasrea.com/blog/types-of-armored-doors/,"01014741410, 201008202789",info@aldiyaralasrea.com
أبواب وإكسسوارات أبواب للبيع في مصر‏(40),مصر,site:opensooq.com ابواب مصفحة مصر,https://eg.opensooq.com/ar/المنزل-والحديقة/أبواب-وإكسسوارات-الأبواب,"010000000, 010021911, 010035073, 010056990, 010107248, 010276743, 010283573, 010291214, 010501213, 010653953, 010924025, 010940767, 011031264, 011128759, 011129285, 011133800, 011192419, 011245058, 011421594, 011461490, 011557141, 012037704, 012244660, 012800488, 015500129",
turkish armored doors - ابواب مصفحة تركي (28) - الروماني للابواب المصفحة والاخشا,مصر,ابواب مصفحة تركية مصر واتساب,https://www.alromany.net/products/turkish-armored-doors/turkish-armored-doors-ابواب-مصفحة-تركي-28/,201556166305,info@alromany.net
ابواب مصفحة ايطالي في مصر mp3,مصر,ابواب مصفحة تركية مصر واتساب,https://xn-------z5facaebm1c6c6bh2a9nh9clm3c2cdc.bbp.style/,٠١٠٢٣٥٣٨٣٨٨,
أبواب مصفحة,مصر,ابواب شقة مصفحة وكلاء مصر,https://akaratalhadba.com/أبواب-مصفحة/,"2010010589, 2033922127",contact@akaratalhadba.com
محلات الابواب في الرياض 2026,مصر,معارض بيع الابواب في مصر,https://hatim.com.sa/محلات-الابواب-في-الرياض-2026/,0551765717,
استيراد ابواب خشبية من تركيا,العراق,مستورد ابواب من تركيا لبغداد,https://inturkeyexport.com/turkey/استيراد-ابواب-خشبية-من-تركيا/,447488521825,info@inturkeyexport.com
YK Fire Door – Your Trusted Partner forFire Rated Door& Commercial Doorsin Alask,افريقيا,safety door supplier west africa,https://www.yunngd.com/our-service-areas/west-virginia/,"18903711702, 8618903711702",
Class A 60 Minute Fire Doors,افريقيا,fire door distributor senegal ivory coast,https://www.doorsdirect.co.za/class-a-fire-doors,"0870125286, 0870125286087",
Steel Door Companies,عام,best steel door manufacturer istanbul,https://www.ec21.com/companies/steel-door.html,"12242850555, 14175016477, 18885778335, 44016423371, 448000607078, 82316847282, 86031132872332, 86031705462505, 86057154722169, 86075763301632, 86079117307001, 8613202373938, 8613631930230, 8615976296085, 8618587696286, 8885346086, 905414070222, 91961990227, 91981013024, 924230144162",
أكبر معارض ابواب غرف نوم في مصر 2026,مصر,معارض بيع الابواب في مصر,https://doors-eg.com/bedroom-door-galleries/,01020404918,
ابواب مصفحة كل ما تريد معرفتة عن الابواب المصفحة,مصر,ابواب شقة مصفحة وكلاء مصر,https://htcsafety.com/الابواب-المصفحة/,"01122570201, 201044545111, 966594697944",info@htcsafety.com
Security Door - Malaysia No.1 Home Safety Door Supplier,افريقيا,safety door supplier west africa,https://safety-door.com/,0192388208,
"Security

Door",افريقيا,safety door supplier west africa,https://hptdoor.co.za/,"0824554284, 27824554284",
ithalatihracat.biz,افريقيا,metal door importer tanzania ethiopia,https://www.ithalatihracat.biz/?Syf=39&search=importers,"030510000000, 041000000019, 080222000000, 0803901000, 080620300000, 081340950019, 120400900000, 230120000011, 292121000012, 3010401026846, 381700500000, 3901101000, 440290000000, 520942009200, 560311900000, 7308200010, 740721100, 843810100000, 843890009019, 853532100, 901890100011, 961900891000","a.benech@norevo.de, aapkirai@ebm.com.pk, anwoodhams@btconnect.com, custormerservice@onestigroup.com, elit-produkt2011@mail.ru, fayaz@cyber.net.pk, giuc74@hotmail.com, info@aquaclub.com.tr, info@ithalatihracat.biz, infohrnl@synventive.com, kozu_baglan@mail.ru, marmolescovarrubias133@hotmail.com, mehamohammed2017@gmail.com, rodia@rodia-com.gr, sicab@chello.se, sinatexnics@mega.kg, sukuvb@hotmail.com, united.printers@ethionet.et, ventasfusari@gmail.com, zrnozit@t-com.me"
Commercial Hollow Metal Fire Rated Doors,افريقيا,fire door distributor senegal ivory coast,https://www.bing.com/aclick?ld=e8Tu3fxPnYArgUvgVLwMxAfTVUCUy1WlI8l_NCqZ78oMIV8QC9WC2hnSLUsBmGZz1-JUNLjMJyvEcrTOS9Sa6hYRR10H2kmrn9xSXozFerxPjBF8erN7eQyEnvUw3yEii72kz8aGTcruoSQspM8Qi0CZTosWLgAmloRs_NwmMpKDPVKAgzK2wgv5XwGWJxZt5meXmM5w&u=aHR0cHMlM2ElMmYl,"3235300600, 3238922626, 8449992626",info@luxdoors.com
Fire Rated Doors in Senegal,افريقيا,fire door distributor senegal ivory coast,https://toshiautomation.co/fire-rated-doors/senegal,917669305054,
باب مصفح تركي 11 سم كود SH12 – بار داخلي يمين/شمال,ليبيا,باب مصفح تركي للبيع في ليبيا,https://www.shabanastores.com/shop/الأبواب/ابواب-مصفحه/باب-مصفح-تركي-11-سم-كود-sh10-بار-داخلي-يمين-ش-2/,01050585855,
Seller muhsinkirbas,ليبيا,steel door importer libya,https://en.algomtl.com/muhsinkirbas,905372632885,
Fire Doors Importers,ليبيا,steel door importer libya,https://importer.tradekey.com/fire-doors-importer.html,858886866,eg.sample@xyz.com
Turkey Steel Door Manufacturer - Steel Door Sales Portal,عام,wholesale steel door turkey exporter,https://www.steeldoorwholesaler.com.tr/,905053351891,info@steeldoorwholesaler.com.tr
Verified Turkish Exporter Lists,عام,wholesale steel door turkey exporter,https://ihracat.com.tr/verified-turkish-exporter-lists/,27112025170,
توريد ابواب الامان 2025/2024 في الاردن للاستفسار 0796867537,الاردن,وكيل ابواب تركية في الاردن,https://www.halabazaar.com/en/property/64ef0133444e6/توريد-ابواب-الامان-2024/2023-في-الاردن-للاستفسار-0796867537,"065523640, 0796867537, 07968675370796, 0797527377",
Zhejiang Kefei Industry&trade Co.Ltd,افريقيا,site:exportersindia.com steel door africa,https://www.exportersindia.com/cn/zhejiang-kefei-industry-trade/metal-door.htm,"919700318318, 919953717914, 960120016001800, 960900860",
Stainless Steel Doors,افريقيا,site:exportersindia.com steel door africa,https://www.exportersindia.com/indian-suppliers/stainless-steel-doors.htm,"919700318318, 919953717914",
Steel Door in Kolkata,افريقيا,site:exportersindia.com steel door africa,https://www.exportersindia.com/kolkata/steel-door.htm,"919700318318, 919953717914",
Steel Door in Mumbai,افريقيا,site:exportersindia.com steel door africa,https://www.exportersindia.com/mumbai/steel-door.htm,"919700318318, 919953717914",
Free Search List of Importers & Buyers Globally,افريقيا,metal door importer tanzania ethiopia,https://www.seair.co.in/doors-importers,"565837476, 919667735607",
Commercial Hollow Metal Fire Rated Doors,افريقيا,site:alibaba.com steel door africa importer,https://www.bing.com/aclick?ld=e8H0tbTKSE7bsg0YdspvE0GjVUCUzF8HFS1yVSt9wGqYdW4_4RQIkskWcdGFPos-E-ToNKDgD0X-rOuaPqKzFtyhW4IvY186-0XYOtibEj5pr2tTSVUu2m1C7mQFEPNNfBCzGGh0RT_83tK4aY1FQnLmWVQLJy56SmtupRZtDcUpTB1gT0aooYQItwyw4NSQJ1xk2ef_nv3e0XIIHEUOjikuC49,"3235300600, 3238922626, 8449992626",info@luxdoors.com
أكبر معارض ابواب مصفحة في مصر 2026,مصر,معارض بيع الابواب في مصر,https://doors-eg.com/armored-door-exhibitions/,01020404918,
أكبر شركات ابواب غرف نوم في مصر 2026,مصر,معارض بيع الابواب في مصر,https://doors-eg.com/bedroom-doors/,01020404918,
ابواب PVC,مصر,ابواب شقة مصفحة وكلاء مصر,https://tibawood.com/product-category/pvc-doors-products/,01012610480,
ابواب الأمان في الاردن - شركة الصاحب وشاور التميمي ابواب امان,الاردن,باب امان تركي الاردن معارض,https://www.halabazaar.com/ar/show/agentproperties/319/0,"065523640, 0796867537, 0797527377",
ابواب مصفحة ابواب داخلية,عام,مصنع ابواب مصفحة في تركيا واتساب,https://abwaboctober.blogspot.com/2016/10/,"01110289808, 103110086853247",
Dekorist Interior Room Doors And Steel Door Factory,عام,steel door factory turkey contact,https://www.tradekey.com/company/Dekorist-Interior-room-doors-and-Steel-door-Factory-14701963.html,"12092272270, 18886529307","contactus@tradekey.com, eg.sample@xyz.com"
تصدير ابواب مصفحة من تركيا,المغرب,ابواب مصفحة من تركيا المغرب واتس,https://inturkeyexport.com/turkey/تصدير-ابواب-مصفحة-من-تركيا/,447488521825,info@inturkeyexport.com
Morocco Doors Buyers and Importers List!,المغرب,steel door importer morocco,https://www.tradewheel.com/buyers/doors/morocco/,198011186,
Commercial Hollow Metal Fire Rated Doors,المغرب,steel door importer morocco,https://www.bing.com/aclick?ld=e84jDrF6OHLk5LBwfipxorgDVUCUxGq9Nf0Wug0r7dpDPlKNrUToCnp2tIYTg-jSpTAPix4d05BHer-8thXboen9SlefmKmwIwZ_nP_a8dqyVUqg0caUgD4jwuLcFrbo2DZMOHXY-tiyFgiSn3WVBQD0mQ9hLxxL6zR9rPWZa6_abOBlIpYB5oqMOu0i173HPTVTEq1Q&u=aHR0cHMlM2ElMmYl,"3235300600, 3238922626, 8449992626",info@luxdoors.com
باب تركي - شركة مركز اسطنبول التجاري - باب مصفح - ابواب خارجية,العراق,ابواب مصفحة تركية للعراق واتس,https://doushesh.com/listing/bab-trky-shrk-mrkz-astnbol-altgary-bab-msfh-aboab-khargy-80881,0502000040394,
ابواب,العراق,موزع ابواب مصفحة في بغداد,https://decorestore-eg.com/product-category/ابواب/page/3/,01500009119,info@decorestore-eg.com
ابواب تركية - ريف دمشق - باب تركي داخلي - مركز اسطنبول التجاري,العراق,شركة ابواب تركية العراق,https://doushesh.com/listing/aboab-trky-ryf-dmshk-bab-trky-dakhly-mrkz-astnbol-altgary-82712,0502000040433,
Coventry 4-Panel Smooth Fire Door (FD30),افريقيا,fire door distributor senegal ivory coast,https://www.todd-doors.co.uk/4-panel-smooth-fire-door-fd30,08006335050,
Textile: Interior Door Collection,افريقيا,metal door dealer ghana nigeria cameroon,https://www.bertolotto.net/wood-effect/textile-interior-door-collection,02761400049,
234 International DoorKodungaiyur Chennai Tamil Nadu,افريقيا,site:exportersindia.com steel door africa,https://www.exportersindia.com/234-international-door/,"919700318318, 919953717914",
باب مصفح تركي - Shabana Stores - شبانة ستورز,مصر,وكيل باب مصفح تركي في مصر,https://www.shabanastores.com/product-tag-ar/باب-مصفح-تركي/,01050585855,
باب تركي مصفح - Al Masrya doors,مصر,وكيل باب مصفح تركي في مصر,https://almasrya-doors.com/?product=turkish-armored-door5,"01044095640, 010440956400104",
تركيب ابواب حديد في عجمان : الأمان والجودة بتصاميم مميزة,مصر,تجار ابواب حديدية في مصر,https://shaimaapalace.com/تركيب-ابواب-حديد-في-عجمان/,"0506691641, 201114323865",
Egypt For Metal Processing Technology - Empt,مصر,steel door importer egypt,https://www.findinegypt.com/c/egypt-for-metal-processing-technology-empt-146383,"01090011783, 0235390676, 0235391070, 0235391516, 0235391517",
باب مصفح تركي ساده,ليبيا,باب مصفح تركي للبيع في ليبيا,https://akaratalhadba.com/product/باب-مصفح-تركي-ساده/,"2010010589, 2033922127",contact@akaratalhadba.com
ابواب الأمان في الاردن - شركة الصاحب وشاور التميمي ابواب امان,الاردن,باب امان تركي الاردن معارض,https://www.halabazaar.com/ar/show/agentproperties/319/48,"065523640, 0796867537, 0797527377, 30796867537",
باب خارجي صناعة تركية موديل 006 – شركة مركز اسطنبول التجاري – ابواب تركية خارجية,الاردن,شركة ابواب تركية الاردن,https://sharray.net/ads/باب-خارجي-صناعة-تركية-موديل-006-شركة-مركز/,"0967730527, 963967730527",
ابواب مصفحة تركية,الاردن,ابواب مصفحة تركية الاردن واتس,https://www.aielanat.com/ابواب-مصفحة-تركية/,"01017902000, 905366700804",
Ultralam Steel Door Series,العراق,steel door iraq importer,https://www.steeldoorwholesaler.com.tr/kategori/ultralam-steel-door-series,905053351891,info@steeldoorwholesaler.com.tr
Premium Steel Door,العراق,steel door iraq importer,https://www.petradoor.com/premium-steel-door-in-india/,"91623801188, 91859060262, 91907270444, 919538212136",
Commercial Hollow Metal Fire Rated Doors,افريقيا,site:alibaba.com steel door africa importer,https://www.bing.com/aclick?ld=e8i3eooZBEqL8ZgJyd9Sm1QjVUCUxMyTC2Y-eEZSCVpaOrZwMTJ3m2XzKB8p9rw1--Au1F2ghNYwJ_aMvgrRavNEi7IfvHP5tZDELNdfEdeSmsTSmk2DmAh280uAgJ1I39BaD8LGpaah-GslJnu9ulee_A7UjDSdlG1O5OINmn-7LLLp6WiB7907_-tOc9Y1SsHtqmIG97nBXVdYOLvrUNjHV2j,"3235300600, 3238922626, 8449992626",info@luxdoors.com
Commercial Hollow Metal Fire Rated Doors,مصر,steel door importer egypt,https://www.bing.com/aclick?ld=e8wkC7wyASWgLS7E-DjXOMxTVUCUxLvFB_ZYJV5UJbqPwGs_zNg_l1H_kFPn40cNDUKj268aJQo-C7SPYGzSa41GSd1hQ-LWWP3j6Rwu1wZusf_E6UtsnqHGqA6ECoUEv2Ss_zVPeKqyeicpNqs48bzDxvTjNtmyEa0vFe0irDS6PKcftw-_z2hvCd_e-AGwL2tuU9wAJ_YQYznjH4fakI5gZ6Y,"3235300600, 3238922626, 8449992626",info@luxdoors.com
Metal Doors,مصر,steel door importer egypt,https://metaldoors-eg.com/,01144500091,info@metaldoors-eg.com
Fire-Rated Steel Doors,مصر,steel door importer egypt,https://doors.hysec-eg.com/,01282223056,sales.team@hysec-eg.com
Medico Steel Door - Medico Factory is the first factory in Egypt to manufacture ,مصر,steel door importer egypt,https://medicosteeldoor.com/,"01094758888, 201005431710, 201010777095, 201094758888","info@medicosteeldoor.com, rawan.abdelrazek231@gmail.com, sales@medicosteeldoor.com"
Metal Doors - ISG,مصر,steel door importer egypt,https://www.isg-egy.com/metal-doors/,01026007171,
ابواب فولاذية مصفحة (خاصة),عام,موردين ابواب مصفحة في تركيا,https://inturkeyexport.com/steel-doors-special-make/,447488521825,info@inturkeyexport.com
ابواب مصفحة تركية   - قيصرية - تركيا,عام,موردين ابواب مصفحة في تركيا,https://tr.wseetk.com/262508/ابواب-مصفحة-تركية.html,"262508120, 905366700804",
Metal Door Manufacturer in Egypt,مصر,steel door importer egypt,https://www.mpswastikdoors.com/others/metal-door-manufacturer-in-egypt/,"919820628988, 919892171522",
Internal Doors_interior door_wooden door,افريقيا,armored door supplier south africa kenya,https://www.kkddoors.com/,8613858903277,sales@kkdgroup.com
Carbon Steel in Door Manufacturing: A Comprehensive B2B Guide,افريقيا,site:alibaba.com steel door africa importer,https://seller.alibaba.com/blogs/2026/southeast-asia/doors-windows/carbon-steel-door-manufacturing-guide-alibaba-b2b,"046097825, 649156247, 820704331",
Steel door manufacturer Istanbul,عام,best steel door manufacturer istanbul,https://www.europages.co.uk/companies/city-istanbul/steel-door-manufacturer.html,"1978100199, 1997200499, 2004100199, 2018200499, 5075100125",
Residential Wood Grain Garage Door Golden Supplier Metal 12 X 7 Garage Door Cust,المغرب,steel door importer morocco,https://www.zonledoors.com/residential-wood-grain-garage-door-golden-supplier-metal-12-x-7-garage-door-custom-insulated-sectional-garage-door-turkey.html,"377727587, 8613557317112, 8618587696, 8618587696286",catherine@zonledoors.com
FIRE DOORS,افريقيا,fire door distributor senegal ivory coast,https://www.amdoor.co.za/fire-doors,217014566,sales@amdoor.co.za
An Introduction To Fire Doors,افريقيا,fire door distributor senegal ivory coast,https://doorsonline.co.za/fire-doors/,"0683054568, 27683054568",
Metal Doors & Frames,افريقيا,metal door importer tanzania ethiopia,https://commercialdoorinc.com/metal-doors-frames/,57701605341,
Steel Door in Hyderabad,افريقيا,site:exportersindia.com steel door africa,https://www.exportersindia.com/hyderabad/steel-door.htm,"919700318318, 919953717914",
Metal Door,افريقيا,site:exportersindia.com steel door africa,https://www.exportersindia.com/indian-suppliers/metal-door.htm,"919700318318, 919953717914",
Steel Security Door Importers,مصر,steel door importer egypt,https://importer.tradekey.com/steel-security-door-importer.html,"01227286000, 201223341595, 247078685, 381943312, 38345553928, 772470391, 820637064","eg.sample@xyz.com, madi1962@gmail.com"
ابواب تركية خارجية – باب خارجي صناعة تركية موديل 001 – شركة مركز اسطنبول التجاري,الاردن,ابواب مصفحة تركية الاردن واتس,https://sharray.net/ads/ابواب-تركية-خارجية-باب-خارجي-صناعة-ترك-2/,"0967730527, 963967730527",
ابواب مصفحة ابواب داخلية,العراق,اسعار الابواب المصفحة في العراق,https://abwaboctober.blogspot.com/2016/10/blog-post_11.html,"01110289808, 103110086853247",
door turkey suppliers,عام,steel door turkey supplier whatsapp,https://www.alibaba.com/door-turkey-suppliers.html,010177216133,
ابواب فولاذية مصفحة (الترا),عام,موردين ابواب مصفحة في تركيا,https://inturkeyexport.com/steel-doors-ultra-paint/,447488521825,info@inturkeyexport.com
Hot Selling High Home Quality Steel Door Turkey Doors Security Entrance Exterior,عام,wholesale steel door turkey exporter,https://m.made-in-china.com/product/Hot-Selling-High-Home-Quality-Steel-Door-Turkey-Doors-Security-Entrance-Exterior-Doors-2225771115.html,140011500,
Chinese Doors in Kenya: Best WPC Wooden & Steel Door Supplier for Modern Homes,افريقيا,armored door supplier south africa kenya,https://www.zonledoors.com/chinese-doors-in-kenya-best-wpc-wooden-steel-door-supplier-for-modern-homes.html,"377727587, 8613557317112, 8618587696, 8618587696286",catherine@zonledoors.com
"20 reactions · 27 shares - ""Steel security doors with Anti-intrusion grill with ",افريقيا,armored door supplier south africa kenya,https://www.facebook.com/eurodoor.kenya/videos/steel-security-doors-with-anti-intrusion-grill-with-mosquito-meshhomesecuritydoo/1505672860511871/,0705656565,hello@eurodoor.co.ke
BLINDEES - 36 Annonces,المغرب,porte blindee maroc import turquie,https://www.algomtl.com/acheter/recherche-fournisseur-0-blindees.html,"212613747656, 212662150999, 32475237232, 5307721135, 8615831127175, 892430890, 903523114888, 903523213708, 903523221915, 905077523234, 905307721135, 905321346970, 905321686950, 905352832, 905372632885, 905424088616, 905533346136, 905545334550",senol@demir.eu
شركة زان لإستيراد الابواب المصفحة,مصر,وكيل باب مصفح تركي في مصر,https://zan-eg.com/,"01111555129, 011115551290111",info@zan-eg.com
Fire Doors in UAE,افريقيا,site:exportersindia.com steel door africa,https://www.exportersindia.com/ae/fire-doors.htm,"919700318318, 919953717914",
Afol Industry Co.Ltd,افريقيا,site:exportersindia.com steel door africa,https://www.exportersindia.com/afolindustry/,"919700318318, 919953717914",
أبواب تركية,المغرب,مستورد ابواب تركية الدار البيضاء,https://www.adwhit.com/ar/أبواب-تركية-281753,905558781226,
ابواب حديديه خارجيه منزلقه سحاب,مصر,تجار ابواب حديدية في مصر,https://doors-store.com/ابواب-حديديه-خارجيه-منزلقه-سحاب/,0595008118,ehostingstore@gmail.com
Leading Steel Door Suppliers in India,عام,best steel door manufacturer istanbul,https://kinzasteeldoor.com/,919072101088,kinzasteeldoors@gmail.com
Petra Steel Doors & Windows,عام,best steel door manufacturer istanbul,https://www.petradoor.com/,"91623801188, 91859060262, 91907270444",
Steel Door Turkey Manufacturers & Suppliers,عام,wholesale steel door turkey exporter,https://www.Made-in-China.com/manufacturers/steel-door-turkey.html,"201202304410, 201304304, 315011000",
Glossy PVC Surface Door Series,عام,wholesale steel door turkey exporter,https://www.steeldoorwholesaler.com.tr/kategori/glossy-pvc-surface-door-series,905053351891,info@steeldoorwholesaler.com.tr
الاعلانات المدللة ب 'صناعة تركية' (41),الاردن,شركة ابواب تركية الاردن,https://sharray.net/ad-tag/صناعة-تركية/,905453215658,
China Factory Turkish Armored Home Door Modern Entrance Front Metal Exterior Sec,عام,steel door factory turkey contact,https://www.zonledoors.com/china-factory-turkish-armored-home-door-modern-entrance-front-metal-exterior-security-steel-doors.html,"377727587, 8613557317112, 8618587696, 8618587696286",catherine@zonledoors.com
الابواب المصفحة في  مصر,مصر,معارض بيع الابواب في مصر,https://yellowpages.com.eg/ar/search/الابواب-المصفحة,"0225174847, 0226222639, 0226775495, 0227559944, 0236801398, 0237483802, 034253095, 0502256155",
ابواب مصفحة ابواب داخلية,ليبيا,ابواب مصفحة تركية ليبيا واتساب,https://abwaboctober.blogspot.com/,"01110289808, 103110086853247",
Free Search List of Importers & Buyers Globally,افريقيا,steel door importer ghana nigeria kenya,https://www.seair.co.in/steel-door-importers,919667735607,
SECURITY SOLUTIONS YOU CAN TRUST,افريقيا,armored door supplier south africa kenya,https://defendoor.co.za/,0860333363,
Steel doors in Agadir Morocco,المغرب,steel door importer morocco,https://www.directdoors.com/blogs/news/steel-doors-agadir-morocco,01968671681,info@directdoors.com
Africa Security Doors and Frame Single Iron Stainless Steel Office Front Door,افريقيا,safety door supplier west africa,https://eagledoor.en.made-in-china.com/product/BOJTWegZXuUY/China-Africa-Security-Doors-and-Frame-Single-Iron-Stainless-Steel-Office-Front-Door.html,7308300000,
Avansa Security Doors - Security Doors for Sale,افريقيا,safety door supplier west africa,https://avansa.co.za/collections/security-doors?srsltid=AfmBOooHjVTWIujZuZMhZ-_ZCdAOqHjbHZxG0ycysNfChM3JSpE6o6Ti,27870953333,"sales@avansa.co.za, security@avansa.co.za"
ابواب الامان 2025 التركية - احدث ابواب الامان التركية 2025 في الاردن - الصاحب شا,الاردن,وكيل ابواب تركية في الاردن,https://www.halabazaar.com/gatesofgrace/property/5fcbf5a05b2b6/ابواب-الامان-2025-التركية-احدث-ابواب-الامان-التركية-2025-في-الاردن-الصاحب-شاور-التميمي-لابواب-الامان-2025-,"065523640, 0796867537, 0797527377, 202507968675",
Morocco Bulletproof Main Front Entrance Security Steel Door for Commercial Resid,المغرب,steel door importer morocco,https://m.made-in-china.com/product/Morocco-Bulletproof-Main-Front-Entrance-Security-Steel-Door-for-Commercial-Residence-House-Building-109--2080321825.html,7308300000,
Fire rated front doors residential in Egypt - Best Price - Star Light,مصر,steel door importer egypt,https://starlight-egy.com/steel-doors/,"01220348885, 012203488850222, 02267106650122","info@starlight-egy.com, khaledelmesedy@starlight-egy.com, nasserelmsidy@starlight-egy.com"
Metal Doors,مصر,steel door importer egypt,https://www.metaldoors-eg.com/,01144500091,info@metaldoors-eg.com
Best Steel Door in Kerala: The Complete 2026 Buyer’s Guide,عام,best steel door manufacturer istanbul,https://www.petradoor.com/best-steel-door-in-kerala/,"91623801188, 91859060262, 91907270444, 919538212136",
Steel Door Turkey Exporters Suppliers & Manufacturers in Turkey,عام,wholesale steel door turkey exporter,https://turkey.tradekey.com/steel-door-turkey.htm,"133910521, 200820130829",eg.sample@xyz.com
Door Supplier in Nigeria – Buy HDF and Steel Doors,افريقيا,metal door dealer ghana nigeria cameroon,https://goltava.com/product/door-supplier-in-nigeria-buy-hdf-and-steel-doors/,08148576051,sales@goltava.com
Best stainless steel doors Nigeriastainless steel doors Nigeria suppliersstain,افريقيا,metal door dealer ghana nigeria cameroon,https://www.cngrandsea.com/stainless-steel-doors-nigeria_sp_2,"86075785619697, 8618688202143",lily@cngrandsea.com
ابواب تركية,عام,شركات تصدير ابواب تركية للعالم,https://inturkeyexport.com/turkey/ابواب-تركية/,447488521825,info@inturkeyexport.com
Top Steel Door Manufacturers,عام,best steel door manufacturer istanbul,https://jcfiredoor.com/top-steel-door-manufacturers/,"91780193869, 91851168556",jcfiredoor@gmail.com
ابواب خارجية حديد للبيع‏(14),العراق,ابواب حديد بغداد,https://iq.opensooq.com/ar/tags/ابواب-خارجية-حديد-للبيع,"077031494, 077032063, 077032187, 077054260, 077080064, 077111411, 077131301, 077135729, 077136565, 077137771, 077159496, 077225329, 077236639, 077266399, 077318338, 077326873, 077394698, 077486481, 077625953, 077626129, 077674358, 078021933, 078477415",
بيوت و منازل تركية جاهزة (مسبقة التصنيع),العراق,ابواب مصفحة تركية للعراق واتس,https://inturkeyexport.com/prefabricated-houses/,447488521825,info@inturkeyexport.com
Metal Door Manufacturer in Ethiopia,افريقيا,metal door importer tanzania ethiopia,https://www.mpswastikdoors.com/others/metal-door-manufacturer-in-ethiopia/,"919820628988, 919892171522",
Specialty Doors & Frames,الاردن,steel door importer jordan,https://titanmetalproducts.com/,"18668482667, 20962632851891, 8668482667, 940051010888, 953416404888, 953416406",info@titanmetalproducts.com
اخبار الاردن التجارية,الاردن,شركة ابواب تركية الاردن,https://inturkeyexport.com/turkey/اخبار-الاردن-التجارية/,447488521825,info@inturkeyexport.com
Fire Rated Doors in Cote Divoire Ivory Coast,افريقيا,fire door distributor senegal ivory coast,https://toshiautomation.co/fire-rated-doors/cote-divoire-ivory-coast,917669305054,
Steel Door Frames,افريقيا,site:exportersindia.com steel door africa,https://www.exportersindia.com/indian-suppliers/steel-door-frames.htm,"919700318318, 919953717914",
توريد ابواب امان 2025/2024 في الاردن للاستفسار 0796867537,الاردن,وكيل ابواب تركية في الاردن,https://www.halabazaar.com/ar/property/64ef0133444e6/توريد-ابواب-امان-2024/2023-في-الاردن-للاستفسار-0796867537,"065523640, 0796867537, 07968675370796, 0797527377",
Security Doors Importers,الاردن,steel door importer jordan,https://importer.tradekey.com/security-doors-importer.html,"01227286000, 3244177250, 38345553928, 545975179, 9383478540",eg.sample@xyz.com
Security Doors in Kumasi - Market Demand Features & Trusted Supplier Zonle,افريقيا,safety door supplier west africa,https://www.zonledoors.com/security-doors-in-kumasi-market-demand-features-trusted-supplier-zonle.html,"377727587, 8613557317112, 8618587696, 8618587696286",catherine@zonledoors.com
Safety and Homesolutions,افريقيا,safety door supplier west africa,https://www.sahsghana.com/?srsltid=AfmBOoq34505q5yZgmOj6eHhqgIQT12gqjT-pPWfXVPrcxmRxWfFp_H5,233270766662,
توريد وتركيب ابواب مصفحة ضد الاقتحام و السرقة 2025/2024 في الاردن 0796867537,الاردن,ابواب مصفحة تركية الاردن واتس,https://www.halabazaar.com/en/property/65872e809e756/توريد-وتركيب-ابواب-مصفحة-ضد-الاقتحام-و-السرقة-2025/2024-في-الاردن-0796867537,"065523640, 0796867537, 07968675370796, 0797527377",
THE UK'S LEADING INSTALLER OF STEEL DOORS,الاردن,steel door importer jordan,https://steeldoorcompany.co.uk/?srsltid=AfmBOoo9T-FwuOkCyhmHop632VW7CmUnDQujUUeoM0ucoEe92OpUbv8l,01785526016,sales@steeldoorcompany.co.uk
أبواب مصفحة تركي - Al Masrya doors,العراق,موزع ابواب مصفحة في بغداد,https://almasrya-doors.com/?page_id=3110,"01044095640, 010440956400104",
ابواب فولاذية مصفحة (ديلوكس),العراق,ابواب مصفحة تركية للعراق واتس,https://inturkeyexport.com/deluxe-steel-doors/,447488521825,info@inturkeyexport.com
